price,area,bedrooms,bathrooms,stories,mainroad,guestroom,basement,hotwaterheating,airconditioning,parking,prefarea,furnishingstatus,area_original
13300000,7420.0,4,2.0,3,yes,no,no,no,yes,2,yes,furnished,7420.0
12250000,8960.0,4,4.0,4,yes,no,no,no,yes,3,no,furnished,8960.0
12250000,9960.0,3,2.0,2,yes,no,yes,no,no,2,yes,semi-furnished,9960.0
12215000,4540.0,4,2.0,2,yes,no,yes,no,yes,3,yes,furnished,4540.0
11410000,4540.0,4,1.0,2,yes,yes,yes,no,yes,2,no,furnished,4540.0
10850000,7500.0,3,3.0,1,yes,no,yes,no,yes,2,yes,semi-furnished,7500.0
10150000,8580.0,4,3.0,4,yes,no,no,no,yes,2,yes,semi-furnished,8580.0
10150000,11657.567999999963,5,3.0,2,yes,no,no,no,no,0,no,unfurnished,11657.567999999963
9870000,8100.0,4,1.0,2,yes,yes,yes,no,yes,2,yes,furnished,8100.0
9800000,5750.0,3,2.0,4,yes,yes,no,no,yes,1,yes,unfurnished,5750.0
9800000,4540.0,3,1.0,2,yes,no,yes,no,yes,2,yes,furnished,4540.0
9681000,6000.0,4,3.0,2,yes,yes,yes,yes,no,2,no,semi-furnished,6000.0
9310000,6550.0,4,2.0,2,yes,no,no,no,yes,1,yes,semi-furnished,6550.0
9240000,3500.0,3,2.0,2,yes,no,no,yes,no,2,no,furnished,3500.0
9240000,7800.0,3,2.0,2,yes,no,no,no,no,0,yes,semi-furnished,7800.0
9100000,6000.0,4,1.0,2,yes,no,yes,no,no,2,no,semi-furnished,6000.0
9100000,6600.0,4,2.0,2,yes,yes,yes,no,yes,1,yes,unfurnished,6600.0
8960000,8500.0,3,2.0,4,yes,no,no,no,yes,2,no,furnished,8500.0
8890000,4600.0,3,1.0,2,yes,yes,no,no,yes,2,no,furnished,4600.0
8855000,6420.0,3,2.0,2,yes,no,no,no,yes,1,yes,semi-furnished,6420.0
8750000,4320.0,3,1.0,2,yes,no,yes,yes,no,2,no,semi-furnished,4320.0
8680000,7155.0,3,2.0,1,yes,yes,yes,no,yes,2,no,unfurnished,7155.0
8645000,8050.0,3,1.0,1,yes,yes,yes,no,yes,1,no,furnished,8050.0
8645000,4560.0,3,2.0,2,yes,yes,yes,no,yes,1,no,furnished,4560.0
8575000,8800.0,3,2.0,2,yes,no,no,no,yes,2,no,furnished,8800.0
8540000,6540.0,4,2.0,2,yes,yes,yes,no,yes,2,yes,furnished,6540.0
8463000,6000.0,3,2.0,4,yes,yes,yes,no,yes,0,yes,semi-furnished,6000.0
8400000,8875.0,3,1.0,1,yes,no,no,no,no,1,no,semi-furnished,8875.0
8400000,7950.0,5,2.0,2,yes,no,yes,yes,no,2,no,unfurnished,7950.0
8400000,5500.0,4,2.0,2,yes,no,yes,no,yes,1,yes,semi-furnished,5500.0
8400000,7475.0,3,2.0,4,yes,no,no,no,yes,2,no,unfurnished,7475.0
8400000,7000.0,3,1.0,4,yes,no,no,no,yes,2,no,semi-furnished,7000.0
8295000,4880.0,4,2.0,2,yes,no,no,no,yes,1,yes,furnished,4880.0
8190000,5960.0,3,3.0,2,yes,yes,yes,no,no,1,no,unfurnished,5960.0
8120000,6840.0,5,1.0,2,yes,yes,yes,no,yes,1,no,furnished,6840.0
8080940,7000.0,3,2.0,4,yes,no,no,no,yes,2,no,furnished,7000.0
8043000,7482.0,3,2.0,3,yes,no,no,yes,no,1,yes,furnished,7482.0
7980000,9000.0,4,2.0,4,yes,no,no,no,yes,2,no,furnished,9000.0
7962500,6000.0,3,1.0,4,yes,yes,no,no,yes,2,no,unfurnished,6000.0
7910000,6000.0,4,2.0,4,yes,no,no,no,yes,1,no,semi-furnished,6000.0
7875000,6550.0,3,1.0,2,yes,no,yes,no,yes,0,yes,furnished,6550.0
7840000,6360.0,3,2.0,4,yes,no,no,no,yes,0,yes,furnished,6360.0
7700000,6480.0,3,2.0,4,yes,no,no,no,yes,2,no,unfurnished,6480.0
7700000,6000.0,4,2.0,4,yes,no,no,no,no,2,no,semi-furnished,6000.0
7560000,6000.0,4,2.0,4,yes,no,no,no,yes,1,no,furnished,6000.0
7560000,6000.0,3,2.0,3,yes,no,no,no,yes,0,no,semi-furnished,6000.0
7525000,6000.0,3,2.0,4,yes,no,no,no,yes,1,no,furnished,6000.0
7490000,6600.0,3,1.0,4,yes,no,no,no,yes,3,yes,furnished,6600.0
7455000,4300.0,3,2.0,2,yes,no,yes,no,no,1,no,unfurnished,4300.0
7420000,7440.0,3,2.0,1,yes,yes,yes,no,yes,0,yes,semi-furnished,7440.0
7420000,7440.0,3,2.0,4,yes,no,no,no,no,1,yes,unfurnished,7440.0
7420000,6325.0,3,1.0,4,yes,no,no,no,yes,1,no,unfurnished,6325.0
7350000,6000.0,4,2.0,4,yes,yes,no,no,yes,1,no,furnished,6000.0
7350000,5150.0,3,2.0,4,yes,no,no,no,yes,2,no,semi-furnished,5150.0
7350000,6000.0,3,2.0,2,yes,yes,no,no,yes,1,no,semi-furnished,6000.0
7350000,6000.0,3,1.0,2,yes,no,no,no,yes,1,no,unfurnished,6000.0
7343000,11440.0,4,1.0,2,yes,no,yes,no,no,1,yes,semi-furnished,11440.0
7245000,9000.0,4,2.0,4,yes,yes,no,no,yes,1,yes,furnished,9000.0
7210000,7680.0,4,2.0,4,yes,yes,no,no,yes,1,no,semi-furnished,7680.0
7210000,6000.0,3,2.0,4,yes,yes,no,no,yes,1,no,furnished,6000.0
7140000,6000.0,3,2.0,2,yes,yes,no,no,no,1,no,semi-furnished,6000.0
7070000,8880.0,2,1.0,1,yes,no,no,no,yes,1,no,semi-furnished,8880.0
7070000,6240.0,4,2.0,2,yes,no,no,no,yes,1,no,furnished,6240.0
7035000,6360.0,4,2.0,3,yes,no,no,no,yes,2,yes,furnished,6360.0
7000000,11175.0,3,1.0,1,yes,no,yes,no,yes,1,yes,furnished,11175.0
6930000,8880.0,3,2.0,2,yes,no,yes,no,yes,1,no,furnished,8880.0
6930000,11657.567999999963,2,1.0,1,yes,no,yes,yes,no,1,no,furnished,11657.567999999963
6895000,7700.0,3,2.0,1,yes,no,no,no,no,2,no,unfurnished,7700.0
6860000,6000.0,3,1.0,1,yes,no,no,no,yes,1,no,furnished,6000.0
6790000,11657.567999999963,4,2.0,2,yes,no,no,no,no,2,yes,furnished,11657.567999999963
6790000,4000.0,3,2.0,2,yes,no,yes,no,yes,0,yes,semi-furnished,4000.0
6755000,6000.0,4,2.0,4,yes,no,no,no,yes,0,no,unfurnished,6000.0
6720000,5020.0,3,1.0,4,yes,no,no,no,yes,0,yes,unfurnished,5020.0
6685000,6600.0,2,2.0,4,yes,no,yes,no,no,0,yes,furnished,6600.0
6650000,4040.0,3,1.0,2,yes,no,yes,yes,no,1,no,furnished,4040.0
6650000,4260.0,4,2.0,2,yes,no,no,yes,no,0,no,semi-furnished,4260.0
6650000,6420.0,3,2.0,3,yes,no,no,no,yes,0,yes,furnished,6420.0
6650000,6500.0,3,2.0,3,yes,no,no,no,yes,0,yes,furnished,6500.0
6650000,5700.0,3,1.0,1,yes,yes,yes,no,yes,2,yes,furnished,5700.0
6650000,6000.0,3,2.0,3,yes,yes,no,no,yes,0,no,furnished,6000.0
6629000,6000.0,3,1.0,2,yes,no,no,yes,no,1,yes,semi-furnished,6000.0
6615000,4000.0,3,2.0,2,yes,no,yes,no,yes,1,no,semi-furnished,4000.0
6615000,10500.0,3,2.0,1,yes,no,yes,no,yes,1,yes,furnished,10500.0
6580000,6000.0,3,2.0,4,yes,no,no,no,yes,0,no,semi-furnished,6000.0
6510000,3760.0,3,1.0,2,yes,no,no,yes,no,2,no,semi-furnished,3760.0
6510000,8250.0,3,2.0,3,yes,no,no,no,yes,0,no,furnished,8250.0
6510000,6670.0,3,1.0,3,yes,no,yes,no,no,0,yes,unfurnished,6670.0
6475000,3960.0,3,1.0,1,yes,no,yes,no,no,2,no,semi-furnished,3960.0
6475000,7410.0,3,1.0,1,yes,yes,yes,no,yes,2,yes,unfurnished,7410.0
6440000,8580.0,5,3.0,2,yes,no,no,no,no,2,no,furnished,8580.0
6440000,5000.0,3,1.0,2,yes,no,no,no,yes,0,no,semi-furnished,5000.0
6419000,6750.0,2,1.0,1,yes,yes,yes,no,no,2,yes,furnished,6750.0
6405000,4800.0,3,2.0,4,yes,yes,no,no,yes,0,no,furnished,4800.0
6300000,7200.0,3,2.0,1,yes,no,yes,no,yes,3,no,semi-furnished,7200.0
6300000,6000.0,4,2.0,4,yes,no,no,no,no,1,no,semi-furnished,6000.0
6300000,4100.0,3,2.0,3,yes,no,no,no,yes,2,no,semi-furnished,4100.0
6300000,9000.0,3,1.0,1,yes,no,yes,no,no,1,yes,furnished,9000.0
6300000,6400.0,3,1.0,1,yes,yes,yes,no,yes,1,yes,semi-furnished,6400.0
6293000,6600.0,3,2.0,3,yes,no,no,no,yes,0,yes,unfurnished,6600.0
6265000,6000.0,4,1.0,3,yes,yes,yes,no,no,0,yes,unfurnished,6000.0
6230000,6600.0,3,2.0,1,yes,no,yes,no,yes,0,yes,unfurnished,6600.0
6230000,5500.0,3,1.0,3,yes,no,no,no,no,1,yes,unfurnished,5500.0
6195000,5500.0,3,2.0,4,yes,yes,no,no,yes,1,no,semi-furnished,5500.0
6195000,6350.0,3,2.0,3,yes,yes,no,no,yes,0,no,furnished,6350.0
6195000,5500.0,3,2.0,1,yes,yes,yes,no,no,2,yes,furnished,5500.0
6160000,4500.0,3,1.0,4,yes,no,no,no,yes,0,no,unfurnished,4500.0
6160000,5450.0,4,2.0,1,yes,no,yes,no,yes,0,yes,semi-furnished,5450.0
6125000,6420.0,3,1.0,3,yes,no,yes,no,no,0,yes,unfurnished,6420.0
6107500,3240.0,4,1.0,3,yes,no,no,no,no,1,no,semi-furnished,3240.0
6090000,6615.0,4,2.0,2,yes,yes,no,yes,no,1,no,semi-furnished,6615.0
6090000,6600.0,3,1.0,1,yes,yes,yes,no,no,2,yes,semi-furnished,6600.0
6090000,8372.0,3,1.0,3,yes,no,no,no,yes,2,no,unfurnished,8372.0
6083000,4300.0,6,2.0,2,yes,no,no,no,no,0,no,furnished,4300.0
6083000,9620.0,3,1.0,1,yes,no,yes,no,no,2,yes,furnished,9620.0
6020000,6800.0,2,1.0,1,yes,yes,yes,no,no,2,no,furnished,6800.0
6020000,8000.0,3,1.0,1,yes,yes,yes,no,yes,2,yes,semi-furnished,8000.0
6020000,6900.0,3,2.0,1,yes,yes,yes,no,no,0,yes,unfurnished,6900.0
5950000,3700.0,4,1.0,2,yes,yes,no,no,yes,0,no,furnished,3700.0
5950000,6420.0,3,1.0,1,yes,no,yes,no,yes,0,yes,furnished,6420.0
5950000,7020.0,3,1.0,1,yes,no,yes,no,yes,2,yes,semi-furnished,7020.0
5950000,6540.0,3,1.0,1,yes,yes,yes,no,no,2,yes,furnished,6540.0
5950000,7231.0,3,1.0,2,yes,yes,yes,no,yes,0,yes,semi-furnished,7231.0
5950000,6254.0,4,2.0,1,yes,no,yes,no,no,1,yes,semi-furnished,6254.0
5950000,7320.0,4,2.0,2,yes,no,no,no,no,0,no,furnished,7320.0
5950000,6525.0,3,2.0,4,yes,no,no,no,no,1,no,furnished,6525.0
5943000,11657.567999999963,3,1.0,1,yes,no,no,no,yes,2,no,semi-furnished,11657.567999999963
5880000,7160.0,3,1.0,1,yes,no,yes,no,no,2,yes,unfurnished,7160.0
5880000,6500.0,3,2.0,3,yes,no,no,no,yes,0,no,unfurnished,6500.0
5873000,5500.0,3,1.0,3,yes,yes,no,no,yes,1,no,furnished,5500.0
5873000,11460.0,3,1.0,3,yes,no,no,no,no,2,yes,semi-furnished,11460.0
5866000,4800.0,3,1.0,1,yes,yes,yes,no,no,0,no,unfurnished,4800.0
5810000,5828.0,4,1.0,4,yes,yes,no,no,no,0,no,semi-furnished,5828.0
5810000,5200.0,3,1.0,3,yes,no,no,no,yes,0,no,semi-furnished,5200.0
5810000,4800.0,3,1.0,3,yes,no,no,no,yes,0,no,unfurnished,4800.0
5803000,7000.0,3,1.0,1,yes,no,yes,no,no,2,yes,semi-furnished,7000.0
5775000,6000.0,3,2.0,4,yes,no,no,no,yes,0,no,unfurnished,6000.0
5740000,5400.0,4,2.0,2,yes,no,no,no,yes,2,no,unfurnished,5400.0
5740000,4640.0,4,1.0,2,yes,no,no,no,no,1,no,semi-furnished,4640.0
5740000,5000.0,3,1.0,3,yes,no,no,no,yes,0,no,semi-furnished,5000.0
5740000,6360.0,3,1.0,1,yes,yes,yes,no,yes,2,yes,furnished,6360.0
5740000,5800.0,3,2.0,4,yes,no,no,no,yes,0,no,unfurnished,5800.0
5652500,6660.0,4,2.0,2,yes,yes,yes,no,no,1,yes,semi-furnished,6660.0
5600000,10500.0,4,2.0,2,yes,no,no,no,no,1,no,semi-furnished,10500.0
5600000,4800.0,5,2.0,3,no,no,yes,yes,no,0,no,unfurnished,4800.0
5600000,4700.0,4,1.0,2,yes,yes,yes,no,yes,1,no,furnished,4700.0
5600000,5000.0,3,1.0,4,yes,no,no,no,no,0,no,furnished,5000.0
5600000,10500.0,2,1.0,1,yes,no,no,no,no,1,no,semi-furnished,10500.0
5600000,5500.0,3,2.0,2,yes,no,no,no,no,1,no,semi-furnished,5500.0
5600000,6360.0,3,1.0,3,yes,no,no,no,no,0,yes,semi-furnished,6360.0
5600000,6600.0,4,2.0,1,yes,no,yes,no,no,0,yes,semi-furnished,6600.0
5600000,5136.0,3,1.0,2,yes,yes,yes,no,yes,0,yes,unfurnished,5136.0
5565000,4400.0,4,1.0,2,yes,no,no,no,yes,2,yes,semi-furnished,4400.0
5565000,5400.0,5,1.0,2,yes,yes,yes,no,yes,0,yes,furnished,5400.0
5530000,3300.0,3,3.0,2,yes,no,yes,no,no,0,no,semi-furnished,3300.0
5530000,3650.0,3,2.0,2,yes,no,no,no,no,2,no,semi-furnished,3650.0
5530000,6100.0,3,2.0,1,yes,no,yes,no,no,2,yes,furnished,6100.0
5523000,6900.0,3,1.0,1,yes,yes,yes,no,no,0,yes,semi-furnished,6900.0
5495000,2817.0,4,2.0,2,no,yes,yes,no,no,1,no,furnished,2817.0
5495000,7980.0,3,1.0,1,yes,no,no,no,no,2,no,semi-furnished,7980.0
5460000,3150.0,3,2.0,1,yes,yes,yes,no,yes,0,no,furnished,3150.0
5460000,6210.0,4,1.0,4,yes,yes,no,no,yes,0,no,furnished,6210.0
5460000,6100.0,3,1.0,3,yes,yes,no,no,yes,0,yes,semi-furnished,6100.0
5460000,6600.0,4,2.0,2,yes,yes,yes,no,no,0,yes,semi-furnished,6600.0
5425000,6825.0,3,1.0,1,yes,yes,yes,no,yes,0,yes,semi-furnished,6825.0
5390000,6710.0,3,2.0,2,yes,yes,yes,no,no,1,yes,furnished,6710.0
5383000,6450.0,3,2.0,1,yes,yes,yes,yes,no,0,no,unfurnished,6450.0
5320000,7800.0,3,1.0,1,yes,no,yes,no,yes,2,yes,unfurnished,7800.0
5285000,4600.0,2,2.0,1,yes,no,no,no,yes,2,no,semi-furnished,4600.0
5250000,4260.0,4,1.0,2,yes,no,yes,no,yes,0,no,furnished,4260.0
5250000,6540.0,4,2.0,2,no,no,no,no,yes,0,no,semi-furnished,6540.0
5250000,5500.0,3,2.0,1,yes,no,yes,no,no,0,no,semi-furnished,5500.0
5250000,10269.0,3,1.0,1,yes,no,no,no,no,1,yes,semi-furnished,10269.0
5250000,8400.0,3,1.0,2,yes,yes,yes,no,yes,2,yes,unfurnished,8400.0
5250000,5300.0,4,2.0,1,yes,no,no,no,yes,0,yes,unfurnished,5300.0
5250000,3800.0,3,1.0,2,yes,yes,yes,no,no,1,yes,unfurnished,3800.0
5250000,9800.0,4,2.0,2,yes,yes,no,no,no,2,no,semi-furnished,9800.0
5250000,8520.0,3,1.0,1,yes,no,no,no,yes,2,no,furnished,8520.0
5243000,6050.0,3,1.0,1,yes,no,yes,no,no,0,yes,semi-furnished,6050.0
5229000,7085.0,3,1.0,1,yes,yes,yes,no,no,2,yes,semi-furnished,7085.0
5215000,3180.0,3,2.0,2,yes,no,no,no,no,2,no,semi-furnished,3180.0
5215000,4500.0,4,2.0,1,no,no,yes,no,yes,2,no,semi-furnished,4500.0
5215000,7200.0,3,1.0,2,yes,yes,yes,no,no,1,yes,furnished,7200.0
5145000,3410.0,3,1.0,2,no,no,no,no,yes,0,no,semi-furnished,3410.0
5145000,7980.0,3,1.0,1,yes,no,no,no,no,1,yes,semi-furnished,7980.0
5110000,3000.0,3,2.0,2,yes,yes,yes,no,no,0,no,furnished,3000.0
5110000,3000.0,3,1.0,2,yes,no,yes,no,no,0,no,unfurnished,3000.0
5110000,11410.0,2,1.0,2,yes,no,no,no,no,0,yes,furnished,11410.0
5110000,6100.0,3,1.0,1,yes,no,yes,no,yes,0,yes,semi-furnished,6100.0
5075000,5720.0,2,1.0,2,yes,no,no,no,yes,0,yes,unfurnished,5720.0
5040000,3540.0,2,1.0,1,no,yes,yes,no,no,0,no,semi-furnished,3540.0
5040000,7600.0,4,1.0,2,yes,no,no,no,yes,2,no,furnished,7600.0
5040000,10700.0,3,1.0,2,yes,yes,yes,no,no,0,no,semi-furnished,10700.0
5040000,6600.0,3,1.0,1,yes,yes,yes,no,no,0,yes,furnished,6600.0
5033000,4800.0,2,1.0,1,yes,yes,yes,no,no,0,no,semi-furnished,4800.0
5005000,8150.0,3,2.0,1,yes,yes,yes,no,no,0,no,semi-furnished,8150.0
4970000,4410.0,4,3.0,2,yes,no,yes,no,no,2,no,semi-furnished,4410.0
4970000,7686.0,3,1.0,1,yes,yes,yes,yes,no,0,no,semi-furnished,7686.0
4956000,2800.0,3,2.0,2,no,no,yes,no,yes,1,no,semi-furnished,2800.0
4935000,5948.0,3,1.0,2,yes,no,no,no,yes,0,no,semi-furnished,5948.0
4907000,4200.0,3,1.0,2,yes,no,no,no,no,1,no,furnished,4200.0
4900000,4520.0,3,1.0,2,yes,no,yes,no,yes,0,no,semi-furnished,4520.0
4900000,4095.0,3,1.0,2,no,yes,yes,no,yes,0,no,semi-furnished,4095.0
4900000,4120.0,2,1.0,1,yes,no,yes,no,no,1,no,semi-furnished,4120.0
4900000,5400.0,4,1.0,2,yes,no,no,no,no,0,no,semi-furnished,5400.0
4900000,4770.0,3,1.0,1,yes,yes,yes,no,no,0,no,semi-furnished,4770.0
4900000,6300.0,3,1.0,1,yes,no,no,no,yes,2,no,semi-furnished,6300.0
4900000,5800.0,2,1.0,1,yes,yes,yes,no,yes,0,no,semi-furnished,5800.0
4900000,3000.0,3,1.0,2,yes,no,yes,no,yes,0,no,semi-furnished,3000.0
4900000,2970.0,3,1.0,3,yes,no,no,no,no,0,no,semi-furnished,2970.0
4900000,6720.0,3,1.0,1,yes,no,no,no,no,0,no,unfurnished,6720.0
4900000,4646.0,3,1.0,2,yes,yes,yes,no,no,2,no,semi-furnished,4646.0
4900000,11657.567999999963,3,1.0,1,yes,no,no,no,no,2,no,furnished,11657.567999999963
4893000,3420.0,4,2.0,2,yes,no,yes,no,yes,2,no,semi-furnished,3420.0
4893000,4995.0,4,2.0,1,yes,no,yes,no,no,0,no,semi-furnished,4995.0
4865000,4350.0,2,1.0,1,yes,no,yes,no,no,0,no,unfurnished,4350.0
4830000,4160.0,3,1.0,3,yes,no,no,no,no,0,no,unfurnished,4160.0
4830000,6040.0,3,1.0,1,yes,no,no,no,no,2,yes,semi-furnished,6040.0
4830000,6862.0,3,1.0,2,yes,no,no,no,yes,2,yes,furnished,6862.0
4830000,4815.0,2,1.0,1,yes,no,no,no,yes,0,yes,semi-furnished,4815.0
4795000,7000.0,3,1.0,2,yes,no,yes,no,no,0,no,unfurnished,7000.0
4795000,8100.0,4,1.0,4,yes,no,yes,no,yes,2,no,semi-furnished,8100.0
4767000,3420.0,4,2.0,2,yes,no,no,no,no,0,no,semi-furnished,3420.0
4760000,9166.0,2,1.0,1,yes,no,yes,no,yes,2,no,semi-furnished,9166.0
4760000,6321.0,3,1.0,2,yes,no,yes,no,yes,1,no,furnished,6321.0
4760000,10240.0,2,1.0,1,yes,no,no,no,yes,2,yes,unfurnished,10240.0
4753000,6440.0,2,1.0,1,yes,no,no,no,yes,3,no,semi-furnished,6440.0
4690000,5170.0,3,1.0,4,yes,no,no,no,yes,0,no,semi-furnished,5170.0
4690000,6000.0,2,1.0,1,yes,no,yes,no,yes,1,no,furnished,6000.0
4690000,3630.0,3,1.0,2,yes,no,no,no,no,2,no,semi-furnished,3630.0
4690000,9667.0,4,2.0,2,yes,yes,yes,no,no,1,no,semi-furnished,9667.0
4690000,5400.0,2,1.0,2,yes,no,no,no,no,0,yes,semi-furnished,5400.0
4690000,4320.0,3,1.0,1,yes,no,no,no,no,0,yes,semi-furnished,4320.0
4655000,3745.0,3,1.0,2,yes,no,yes,no,no,0,no,furnished,3745.0
4620000,4160.0,3,1.0,1,yes,yes,yes,no,yes,0,no,unfurnished,4160.0
4620000,3880.0,3,2.0,2,yes,no,yes,no,no,2,no,semi-furnished,3880.0
4620000,5680.0,3,1.0,2,yes,yes,no,no,yes,1,no,semi-furnished,5680.0
4620000,2870.0,2,1.0,2,yes,yes,yes,no,no,0,yes,semi-furnished,2870.0
4620000,5010.0,3,1.0,2,yes,no,yes,no,no,0,no,semi-furnished,5010.0
4613000,4510.0,4,2.0,2,yes,no,yes,no,no,0,no,semi-furnished,4510.0
4585000,4000.0,3,1.0,2,yes,no,no,no,no,1,no,furnished,4000.0
4585000,3840.0,3,1.0,2,yes,no,no,no,no,1,yes,semi-furnished,3840.0
4550000,3760.0,3,1.0,1,yes,no,no,no,no,2,no,semi-furnished,3760.0
4550000,3640.0,3,1.0,2,yes,no,no,no,yes,0,no,furnished,3640.0
4550000,2550.0,3,1.0,2,yes,no,yes,no,no,0,no,furnished,2550.0
4550000,5320.0,3,1.0,2,yes,yes,yes,no,no,0,yes,semi-furnished,5320.0
4550000,5360.0,3,1.0,2,yes,no,no,no,no,2,yes,unfurnished,5360.0
4550000,3520.0,3,1.0,1,yes,no,no,no,no,0,yes,semi-furnished,3520.0
4550000,8400.0,4,1.0,4,yes,no,no,no,no,3,no,unfurnished,8400.0
4543000,4100.0,2,2.0,1,yes,yes,yes,no,no,0,no,semi-furnished,4100.0
4543000,4990.0,4,2.0,2,yes,yes,yes,no,no,0,yes,furnished,4990.0
4515000,3510.0,3,1.0,3,yes,no,no,no,no,0,no,semi-furnished,3510.0
4515000,3450.0,3,1.0,2,yes,no,yes,no,no,1,no,semi-furnished,3450.0
4515000,9860.0,3,1.0,1,yes,no,no,no,no,0,no,semi-furnished,9860.0
4515000,3520.0,2,1.0,2,yes,no,no,no,no,0,yes,furnished,3520.0
4480000,4510.0,4,1.0,2,yes,no,no,no,yes,2,no,semi-furnished,4510.0
4480000,5885.0,2,1.0,1,yes,no,no,no,yes,1,no,unfurnished,5885.0
4480000,4000.0,3,1.0,2,yes,no,no,no,no,2,no,furnished,4000.0
4480000,8250.0,3,1.0,1,yes,no,no,no,no,0,no,furnished,8250.0
4480000,4040.0,3,1.0,2,yes,no,no,no,no,1,no,semi-furnished,4040.0
4473000,6360.0,2,1.0,1,yes,no,yes,no,yes,1,no,furnished,6360.0
4473000,3162.0,3,1.0,2,yes,no,no,no,yes,1,no,furnished,3162.0
4473000,3510.0,3,1.0,2,yes,no,no,no,no,0,no,semi-furnished,3510.0
4445000,3750.0,2,1.0,1,yes,yes,yes,no,no,0,no,semi-furnished,3750.0
4410000,3968.0,3,1.0,2,no,no,no,no,no,0,no,semi-furnished,3968.0
4410000,4900.0,2,1.0,2,yes,no,yes,no,no,0,no,semi-furnished,4900.0
4403000,2880.0,3,1.0,2,yes,no,no,no,no,0,yes,semi-furnished,2880.0
4403000,4880.0,3,1.0,1,yes,no,no,no,no,2,yes,unfurnished,4880.0
4403000,4920.0,3,1.0,2,yes,no,no,no,no,1,no,semi-furnished,4920.0
4382000,4950.0,4,1.0,2,yes,no,no,no,yes,0,no,semi-furnished,4950.0
4375000,3900.0,3,1.0,2,yes,no,no,no,no,0,no,unfurnished,3900.0
4340000,4500.0,3,2.0,3,yes,no,no,yes,no,1,no,furnished,4500.0
4340000,1905.0,5,1.0,2,no,no,yes,no,no,0,no,semi-furnished,1905.0
4340000,4075.0,3,1.0,1,yes,yes,yes,no,no,2,no,semi-furnished,4075.0
4340000,3500.0,4,1.0,2,yes,no,no,no,no,2,no,furnished,3500.0
4340000,6450.0,4,1.0,2,yes,no,no,no,no,0,no,semi-furnished,6450.0
4319000,4032.0,2,1.0,1,yes,no,yes,no,no,0,no,furnished,4032.0
4305000,4400.0,2,1.0,1,yes,no,no,no,no,1,no,semi-furnished,4400.0
4305000,10360.0,2,1.0,1,yes,no,no,no,no,1,yes,semi-furnished,10360.0
4277000,3400.0,3,1.0,2,yes,no,yes,no,no,2,yes,semi-furnished,3400.0
4270000,6360.0,2,1.0,1,yes,no,no,no,no,0,no,furnished,6360.0
4270000,6360.0,2,1.0,2,yes,no,no,no,no,0,no,unfurnished,6360.0
4270000,4500.0,2,1.0,1,yes,no,no,no,yes,2,no,furnished,4500.0
4270000,2175.0,3,1.0,2,no,yes,yes,no,yes,0,no,unfurnished,2175.0
4270000,4360.0,4,1.0,2,yes,no,no,no,no,0,no,furnished,4360.0
4270000,7770.0,2,1.0,1,yes,no,no,no,no,1,no,furnished,7770.0
4235000,6650.0,3,1.0,2,yes,yes,no,no,no,0,no,semi-furnished,6650.0
4235000,2787.0,3,1.0,1,yes,no,yes,no,no,0,yes,furnished,2787.0
4200000,5500.0,3,1.0,2,yes,no,no,no,yes,0,no,unfurnished,5500.0
4200000,5040.0,3,1.0,2,yes,no,yes,no,yes,0,no,unfurnished,5040.0
4200000,5850.0,2,1.0,1,yes,yes,yes,no,no,2,no,semi-furnished,5850.0
4200000,2610.0,4,3.0,2,no,no,no,no,no,0,no,semi-furnished,2610.0
4200000,2953.0,3,1.0,2,yes,no,yes,no,yes,0,no,unfurnished,2953.0
4200000,2747.0,4,2.0,2,no,no,no,no,no,0,no,semi-furnished,2747.0
4200000,4410.0,2,1.0,1,no,no,no,no,no,1,no,unfurnished,4410.0
4200000,4000.0,4,2.0,2,no,no,no,no,no,0,no,semi-furnished,4000.0
4200000,2325.0,3,1.0,2,no,no,no,no,no,0,no,semi-furnished,2325.0
4200000,4600.0,3,2.0,2,yes,no,no,no,yes,1,no,semi-furnished,4600.0
4200000,3640.0,3,2.0,2,yes,no,yes,no,no,0,no,unfurnished,3640.0
4200000,5800.0,3,1.0,1,yes,no,no,yes,no,2,no,semi-furnished,5800.0
4200000,7000.0,3,1.0,1,yes,no,no,no,no,3,no,furnished,7000.0
4200000,4079.0,3,1.0,3,yes,no,no,no,no,0,no,semi-furnished,4079.0
4200000,3520.0,3,1.0,2,yes,no,no,no,no,0,yes,semi-furnished,3520.0
4200000,2145.0,3,1.0,3,yes,no,no,no,no,1,yes,unfurnished,2145.0
4200000,4500.0,3,1.0,1,yes,no,yes,no,no,0,no,furnished,4500.0
4193000,8250.0,3,1.0,1,yes,no,yes,no,no,3,no,semi-furnished,8250.0
4193000,3450.0,3,1.0,2,yes,no,no,no,no,1,no,semi-furnished,3450.0
4165000,4840.0,3,1.0,2,yes,no,no,no,no,1,no,semi-furnished,4840.0
4165000,4080.0,3,1.0,2,yes,no,no,no,no,2,no,semi-furnished,4080.0
4165000,4046.0,3,1.0,2,yes,no,yes,no,no,1,no,semi-furnished,4046.0
4130000,4632.0,4,1.0,2,yes,no,no,no,yes,0,no,semi-furnished,4632.0
4130000,5985.0,3,1.0,1,yes,no,yes,no,no,0,no,semi-furnished,5985.0
4123000,6060.0,2,1.0,1,yes,no,yes,no,no,1,no,semi-furnished,6060.0
4098500,3600.0,3,1.0,1,yes,no,yes,no,yes,0,yes,furnished,3600.0
4095000,3680.0,3,2.0,2,yes,no,no,no,no,0,no,semi-furnished,3680.0
4095000,4040.0,2,1.0,2,yes,no,no,no,no,1,no,semi-furnished,4040.0
4095000,5600.0,2,1.0,1,yes,no,no,no,yes,0,no,semi-furnished,5600.0
4060000,5900.0,4,2.0,2,no,no,yes,no,no,1,no,unfurnished,5900.0
4060000,4992.0,3,2.0,2,yes,no,no,no,no,2,no,unfurnished,4992.0
4060000,4340.0,3,1.0,1,yes,no,no,no,no,0,no,semi-furnished,4340.0
4060000,3000.0,4,1.0,3,yes,no,yes,no,yes,2,no,semi-furnished,3000.0
4060000,4320.0,3,1.0,2,yes,no,no,no,no,2,yes,furnished,4320.0
4025000,3630.0,3,2.0,2,yes,no,no,yes,no,2,no,semi-furnished,3630.0
4025000,3460.0,3,2.0,1,yes,no,yes,no,yes,1,no,furnished,3460.0
4025000,5400.0,3,1.0,1,yes,no,no,no,no,3,no,semi-furnished,5400.0
4007500,4500.0,3,1.0,2,no,no,yes,no,yes,0,no,semi-furnished,4500.0
4007500,3460.0,4,1.0,2,yes,no,no,no,yes,0,no,semi-furnished,3460.0
3990000,4100.0,4,1.0,1,no,no,yes,no,no,0,no,unfurnished,4100.0
3990000,6480.0,3,1.0,2,no,no,no,no,yes,1,no,semi-furnished,6480.0
3990000,4500.0,3,2.0,2,no,no,yes,no,yes,0,no,semi-furnished,4500.0
3990000,3960.0,3,1.0,2,yes,no,no,no,no,0,no,furnished,3960.0
3990000,4050.0,2,1.0,2,yes,yes,yes,no,no,0,yes,unfurnished,4050.0
3920000,7260.0,3,2.0,1,yes,yes,yes,no,no,3,no,furnished,7260.0
3920000,5500.0,4,1.0,2,yes,yes,yes,no,no,0,no,semi-furnished,5500.0
3920000,3000.0,3,1.0,2,yes,no,no,no,no,0,no,semi-furnished,3000.0
3920000,3290.0,2,1.0,1,yes,no,no,yes,no,1,no,furnished,3290.0
3920000,3816.0,2,1.0,1,yes,no,yes,no,yes,2,no,furnished,3816.0
3920000,8080.0,3,1.0,1,yes,no,no,no,yes,2,no,semi-furnished,8080.0
3920000,2145.0,4,2.0,1,yes,no,yes,no,no,0,yes,unfurnished,2145.0
3885000,3780.0,2,1.0,2,yes,yes,yes,no,no,0,no,semi-furnished,3780.0
3885000,3180.0,4,2.0,2,yes,no,no,no,no,0,no,furnished,3180.0
3850000,5300.0,5,2.0,2,yes,no,no,no,no,0,no,semi-furnished,5300.0
3850000,3180.0,2,2.0,1,yes,no,yes,no,no,2,no,semi-furnished,3180.0
3850000,7152.0,3,1.0,2,yes,no,no,no,yes,0,no,furnished,7152.0
3850000,4080.0,2,1.0,1,yes,no,no,no,no,0,no,semi-furnished,4080.0
3850000,3850.0,2,1.0,1,yes,no,no,no,no,0,no,semi-furnished,3850.0
3850000,2015.0,3,1.0,2,yes,no,yes,no,no,0,yes,semi-furnished,2015.0
3850000,2176.0,2,1.0,2,yes,yes,no,no,no,0,yes,semi-furnished,2176.0
3836000,3350.0,3,1.0,2,yes,no,no,no,no,0,no,unfurnished,3350.0
3815000,3150.0,2,2.0,1,no,no,yes,no,no,0,no,semi-furnished,3150.0
3780000,4820.0,3,1.0,2,yes,no,no,no,no,0,no,semi-furnished,4820.0
3780000,3420.0,2,1.0,2,yes,no,no,yes,no,1,no,semi-furnished,3420.0
3780000,3600.0,2,1.0,1,yes,no,no,no,no,0,no,semi-furnished,3600.0
3780000,5830.0,2,1.0,1,yes,no,no,no,no,2,no,unfurnished,5830.0
3780000,2856.0,3,1.0,3,yes,no,no,no,no,0,yes,furnished,2856.0
3780000,8400.0,2,1.0,1,yes,no,no,no,no,1,no,furnished,8400.0
3773000,8250.0,3,1.0,1,yes,no,no,no,no,2,no,furnished,8250.0
3773000,2520.0,5,2.0,1,no,no,yes,no,yes,1,no,furnished,2520.0
3773000,6930.0,4,1.0,2,no,no,no,no,no,1,no,furnished,6930.0
3745000,3480.0,2,1.0,1,yes,no,no,no,no,0,yes,semi-furnished,3480.0
3710000,3600.0,3,1.0,1,yes,no,no,no,no,1,no,unfurnished,3600.0
3710000,4040.0,2,1.0,1,yes,no,no,no,no,0,no,semi-furnished,4040.0
3710000,6020.0,3,1.0,1,yes,no,no,no,no,0,no,semi-furnished,6020.0
3710000,4050.0,2,1.0,1,yes,no,no,no,no,0,no,furnished,4050.0
3710000,3584.0,2,1.0,1,yes,no,no,yes,no,0,no,semi-furnished,3584.0
3703000,3120.0,3,1.0,2,no,no,yes,yes,no,0,no,semi-furnished,3120.0
3703000,5450.0,2,1.0,1,yes,no,no,no,no,0,no,furnished,5450.0
3675000,3630.0,2,1.0,1,yes,no,yes,no,no,0,no,furnished,3630.0
3675000,3630.0,2,1.0,1,yes,no,no,no,yes,0,no,unfurnished,3630.0
3675000,5640.0,2,1.0,1,no,no,no,no,no,0,no,semi-furnished,5640.0
3675000,3600.0,2,1.0,1,yes,no,no,no,no,0,no,furnished,3600.0
3640000,4280.0,2,1.0,1,yes,no,no,no,yes,2,no,semi-furnished,4280.0
3640000,3570.0,3,1.0,2,yes,no,yes,no,no,0,no,semi-furnished,3570.0
3640000,3180.0,3,1.0,2,no,no,yes,no,no,0,no,semi-furnished,3180.0
3640000,3000.0,2,1.0,2,yes,no,no,no,yes,0,no,furnished,3000.0
3640000,3520.0,2,2.0,1,yes,no,yes,no,no,0,no,semi-furnished,3520.0
3640000,5960.0,3,1.0,2,yes,yes,yes,no,no,0,no,unfurnished,5960.0
3640000,4130.0,3,2.0,2,yes,no,no,no,no,2,no,semi-furnished,4130.0
3640000,2850.0,3,2.0,2,no,no,yes,no,no,0,yes,unfurnished,2850.0
3640000,2275.0,3,1.0,3,yes,no,no,yes,yes,0,yes,semi-furnished,2275.0
3633000,3520.0,3,1.0,1,yes,no,no,no,no,2,yes,unfurnished,3520.0
3605000,4500.0,2,1.0,1,yes,no,no,no,no,0,no,semi-furnished,4500.0
3605000,4000.0,2,1.0,1,yes,no,no,no,no,0,yes,semi-furnished,4000.0
3570000,3150.0,3,1.0,2,yes,no,yes,no,no,0,no,furnished,3150.0
3570000,4500.0,4,2.0,2,yes,no,yes,no,no,2,no,furnished,4500.0
3570000,4500.0,2,1.0,1,no,no,no,no,no,0,no,furnished,4500.0
3570000,3640.0,2,1.0,1,yes,no,no,no,no,0,no,unfurnished,3640.0
3535000,3850.0,3,1.0,1,yes,no,no,no,no,2,no,unfurnished,3850.0
3500000,4240.0,3,1.0,2,yes,no,no,no,yes,0,no,semi-furnished,4240.0
3500000,3650.0,3,1.0,2,yes,no,no,no,no,0,no,unfurnished,3650.0
3500000,4600.0,4,1.0,2,yes,no,no,no,no,0,no,semi-furnished,4600.0
3500000,2135.0,3,2.0,2,no,no,no,no,no,0,no,unfurnished,2135.0
3500000,3036.0,3,1.0,2,yes,no,yes,no,no,0,no,semi-furnished,3036.0
3500000,3990.0,3,1.0,2,yes,no,no,no,no,0,no,semi-furnished,3990.0
3500000,7424.0,3,1.0,1,no,no,no,no,no,0,no,unfurnished,7424.0
3500000,3480.0,3,1.0,1,no,no,no,no,yes,0,no,unfurnished,3480.0
3500000,3600.0,6,1.0,2,yes,no,no,no,no,1,no,unfurnished,3600.0
3500000,3640.0,2,1.0,1,yes,no,no,no,no,1,no,semi-furnished,3640.0
3500000,5900.0,2,1.0,1,yes,no,no,no,no,1,no,furnished,5900.0
3500000,3120.0,3,1.0,2,yes,no,no,no,no,1,no,unfurnished,3120.0
3500000,7350.0,2,1.0,1,yes,no,no,no,no,1,no,semi-furnished,7350.0
3500000,3512.0,2,1.0,1,yes,no,no,no,no,1,yes,unfurnished,3512.0
3500000,9500.0,3,1.0,2,yes,no,no,no,no,3,yes,unfurnished,9500.0
3500000,5880.0,2,1.0,1,yes,no,no,no,no,0,no,unfurnished,5880.0
3500000,11657.567999999963,3,1.0,1,yes,no,no,no,no,0,no,unfurnished,11657.567999999963
3493000,4900.0,3,1.0,2,no,no,no,no,no,0,no,unfurnished,4900.0
3465000,3060.0,3,1.0,1,yes,no,no,no,no,0,no,unfurnished,3060.0
3465000,5320.0,2,1.0,1,yes,no,no,no,no,1,yes,unfurnished,5320.0
3465000,2145.0,3,1.0,3,yes,no,no,no,no,0,yes,furnished,2145.0
3430000,4000.0,2,1.0,1,yes,no,no,no,no,0,no,unfurnished,4000.0
3430000,3185.0,2,1.0,1,yes,no,no,no,no,2,no,unfurnished,3185.0
3430000,3850.0,3,1.0,1,yes,no,no,no,no,0,no,unfurnished,3850.0
3430000,2145.0,3,1.0,3,yes,no,no,no,no,0,yes,furnished,2145.0
3430000,2610.0,3,1.0,2,yes,no,yes,no,no,0,yes,unfurnished,2610.0
3430000,1950.0,3,2.0,2,yes,no,yes,no,no,0,yes,unfurnished,1950.0
3423000,4040.0,2,1.0,1,yes,no,no,no,no,0,no,unfurnished,4040.0
3395000,4785.0,3,1.0,2,yes,yes,yes,no,yes,1,no,furnished,4785.0
3395000,3450.0,3,1.0,1,yes,no,yes,no,no,2,no,unfurnished,3450.0
3395000,3640.0,2,1.0,1,yes,no,no,no,no,0,no,furnished,3640.0
3360000,3500.0,4,1.0,2,yes,no,no,no,yes,2,no,unfurnished,3500.0
3360000,4960.0,4,1.0,3,no,no,no,no,no,0,no,semi-furnished,4960.0
3360000,4120.0,2,1.0,2,yes,no,no,no,no,0,no,unfurnished,4120.0
3360000,4750.0,2,1.0,1,yes,no,no,no,no,0,no,unfurnished,4750.0
3360000,3720.0,2,1.0,1,no,no,no,no,yes,0,no,unfurnished,3720.0
3360000,3750.0,3,1.0,1,yes,no,no,no,no,0,no,unfurnished,3750.0
3360000,3100.0,3,1.0,2,no,no,yes,no,no,0,no,semi-furnished,3100.0
3360000,3185.0,2,1.0,1,yes,no,yes,no,no,2,no,furnished,3185.0
3353000,2700.0,3,1.0,1,no,no,no,no,no,0,no,furnished,2700.0
3332000,2145.0,3,1.0,2,yes,no,yes,no,no,0,yes,furnished,2145.0
3325000,4040.0,2,1.0,1,yes,no,no,no,no,1,no,unfurnished,4040.0
3325000,4775.0,4,1.0,2,yes,no,no,no,no,0,no,unfurnished,4775.0
3290000,2500.0,2,1.0,1,no,no,no,no,yes,0,no,unfurnished,2500.0
3290000,3180.0,4,1.0,2,yes,no,yes,no,yes,0,no,unfurnished,3180.0
3290000,6060.0,3,1.0,1,yes,yes,yes,no,no,0,no,furnished,6060.0
3290000,3480.0,4,1.0,2,no,no,no,no,no,1,no,semi-furnished,3480.0
3290000,3792.0,4,1.0,2,yes,no,no,no,no,0,no,semi-furnished,3792.0
3290000,4040.0,2,1.0,1,yes,no,no,no,no,0,no,unfurnished,4040.0
3290000,2145.0,3,1.0,2,yes,no,yes,no,no,0,yes,furnished,2145.0
3290000,5880.0,3,1.0,1,yes,no,no,no,no,1,no,unfurnished,5880.0
3255000,4500.0,2,1.0,1,no,no,no,no,no,0,no,semi-furnished,4500.0
3255000,3930.0,2,1.0,1,no,no,no,no,no,0,no,unfurnished,3930.0
3234000,3640.0,4,1.0,2,yes,no,yes,no,no,0,no,unfurnished,3640.0
3220000,4370.0,3,1.0,2,yes,no,no,no,no,0,no,unfurnished,4370.0
3220000,2684.0,2,1.0,1,yes,no,no,no,yes,1,no,unfurnished,2684.0
3220000,4320.0,3,1.0,1,no,no,no,no,no,1,no,unfurnished,4320.0
3220000,3120.0,3,1.0,2,no,no,no,no,no,0,no,furnished,3120.0
3150000,3450.0,1,1.0,1,yes,no,no,no,no,0,no,furnished,3450.0
3150000,3986.0,2,2.0,1,no,yes,yes,no,no,1,no,unfurnished,3986.0
3150000,3500.0,2,1.0,1,no,no,yes,no,no,0,no,semi-furnished,3500.0
3150000,4095.0,2,1.0,1,yes,no,no,no,no,2,no,semi-furnished,4095.0
3150000,1650.0,3,1.0,2,no,no,yes,no,no,0,no,unfurnished,1650.0
3150000,3450.0,3,1.0,2,yes,no,yes,no,no,0,no,semi-furnished,3450.0
3150000,6750.0,2,1.0,1,yes,no,no,no,no,0,no,semi-furnished,6750.0
3150000,9000.0,3,1.0,2,yes,no,no,no,no,2,no,semi-furnished,9000.0
3150000,3069.0,2,1.0,1,yes,no,no,no,no,1,no,unfurnished,3069.0
3143000,4500.0,3,1.0,2,yes,no,no,no,yes,0,no,unfurnished,4500.0
3129000,5495.0,3,1.0,1,yes,no,yes,no,no,0,no,unfurnished,5495.0
3118850,2398.0,3,1.0,1,yes,no,no,no,no,0,yes,semi-furnished,2398.0
3115000,3000.0,3,1.0,1,no,no,no,no,yes,0,no,unfurnished,3000.0
3115000,3850.0,3,1.0,2,yes,no,no,no,no,0,no,unfurnished,3850.0
3115000,3500.0,2,1.0,1,yes,no,no,no,no,0,no,unfurnished,3500.0
3087000,8100.0,2,1.0,1,yes,no,no,no,no,1,no,unfurnished,8100.0
3080000,4960.0,2,1.0,1,yes,no,yes,no,yes,0,no,unfurnished,4960.0
3080000,2160.0,3,1.0,2,no,no,yes,no,no,0,no,semi-furnished,2160.0
3080000,3090.0,2,1.0,1,yes,yes,yes,no,no,0,no,unfurnished,3090.0
3080000,4500.0,2,1.0,2,yes,no,no,yes,no,1,no,semi-furnished,4500.0
3045000,3800.0,2,1.0,1,yes,no,no,no,no,0,no,unfurnished,3800.0
3010000,3090.0,3,1.0,2,no,no,no,no,no,0,no,semi-furnished,3090.0
3010000,3240.0,3,1.0,2,yes,no,no,no,no,2,no,semi-furnished,3240.0
3010000,2835.0,2,1.0,1,yes,no,no,no,no,0,no,semi-furnished,2835.0
3010000,4600.0,2,1.0,1,yes,no,no,no,no,0,no,furnished,4600.0
3010000,5076.0,3,1.0,1,no,no,no,no,no,0,no,unfurnished,5076.0
3010000,3750.0,3,1.0,2,yes,no,no,no,no,0,no,unfurnished,3750.0
3010000,3630.0,4,1.0,2,yes,no,no,no,no,3,no,semi-furnished,3630.0
3003000,8050.0,2,1.0,1,yes,no,no,no,no,0,no,unfurnished,8050.0
2975000,4352.0,4,1.0,2,no,no,no,no,no,1,no,unfurnished,4352.0
2961000,3000.0,2,1.0,2,yes,no,no,no,no,0,no,semi-furnished,3000.0
2940000,5850.0,3,1.0,2,yes,no,yes,no,no,1,no,unfurnished,5850.0
2940000,4960.0,2,1.0,1,yes,no,no,no,no,0,no,unfurnished,4960.0
2940000,3600.0,3,1.0,2,no,no,no,no,no,1,no,unfurnished,3600.0
2940000,3660.0,4,1.0,2,no,no,no,no,no,0,no,unfurnished,3660.0
2940000,3480.0,3,1.0,2,no,no,no,no,no,1,no,semi-furnished,3480.0
2940000,2700.0,2,1.0,1,no,no,no,no,no,0,no,furnished,2700.0
2940000,3150.0,3,1.0,2,no,no,no,no,no,0,no,unfurnished,3150.0
2940000,6615.0,3,1.0,2,yes,no,no,no,no,0,no,semi-furnished,6615.0
2870000,3040.0,2,1.0,1,no,no,no,no,no,0,no,unfurnished,3040.0
2870000,3630.0,2,1.0,1,yes,no,no,no,no,0,no,unfurnished,3630.0
2870000,6000.0,2,1.0,1,yes,no,no,no,no,0,no,semi-furnished,6000.0
2870000,5400.0,4,1.0,2,yes,no,no,no,no,0,no,unfurnished,5400.0
2852500,5200.0,4,1.0,3,yes,no,no,no,no,0,no,unfurnished,5200.0
2835000,3300.0,3,1.0,2,no,no,no,no,no,1,no,semi-furnished,3300.0
2835000,4350.0,3,1.0,2,no,no,no,yes,no,1,no,unfurnished,4350.0
2835000,2640.0,2,1.0,1,no,no,no,no,no,1,no,furnished,2640.0
2800000,2650.0,3,1.0,2,yes,no,yes,no,no,1,no,unfurnished,2650.0
2800000,3960.0,3,1.0,1,yes,no,no,no,no,0,no,furnished,3960.0
2730000,6800.0,2,1.0,1,yes,no,no,no,no,0,no,unfurnished,6800.0
2730000,4000.0,3,1.0,2,yes,no,no,no,no,1,no,unfurnished,4000.0
2695000,4000.0,2,1.0,1,yes,no,no,no,no,0,no,unfurnished,4000.0
2660000,3934.0,2,1.0,1,yes,no,no,no,no,0,no,unfurnished,3934.0
2660000,2000.0,2,1.0,2,yes,no,no,no,no,0,no,semi-furnished,2000.0
2660000,3630.0,3,3.0,2,no,yes,no,no,no,0,no,unfurnished,3630.0
2660000,2800.0,3,1.0,1,yes,no,no,no,no,0,no,unfurnished,2800.0
2660000,2430.0,3,1.0,1,no,no,no,no,no,0,no,unfurnished,2430.0
2660000,3480.0,2,1.0,1,yes,no,no,no,no,1,no,semi-furnished,3480.0
2660000,4000.0,3,1.0,1,yes,no,no,no,no,0,no,semi-furnished,4000.0
2653000,3185.0,2,1.0,1,yes,no,no,no,yes,0,no,unfurnished,3185.0
2653000,4000.0,3,1.0,2,yes,no,no,no,yes,0,no,unfurnished,4000.0
2604000,2910.0,2,1.0,1,no,no,no,no,no,0,no,unfurnished,2910.0
2590000,3600.0,2,1.0,1,yes,no,no,no,no,0,no,unfurnished,3600.0
2590000,4400.0,2,1.0,1,yes,no,no,no,no,0,no,unfurnished,4400.0
2590000,3600.0,2,2.0,2,yes,no,yes,no,no,1,no,furnished,3600.0
2520000,2880.0,3,1.0,1,no,no,no,no,no,0,no,unfurnished,2880.0
2520000,3180.0,3,1.0,1,no,no,no,no,no,0,no,unfurnished,3180.0
2520000,3000.0,2,1.0,2,yes,no,no,no,no,0,no,furnished,3000.0
2485000,4400.0,3,1.0,2,yes,no,no,no,no,0,no,unfurnished,4400.0
2485000,3000.0,3,1.0,2,no,no,no,no,no,0,no,semi-furnished,3000.0
2450000,3210.0,3,1.0,2,yes,no,yes,no,no,0,no,unfurnished,3210.0
2450000,3240.0,2,1.0,1,no,yes,no,no,no,1,no,unfurnished,3240.0
2450000,3000.0,2,1.0,1,yes,no,no,no,no,1,no,unfurnished,3000.0
2450000,3500.0,2,1.0,1,yes,yes,no,no,no,0,no,unfurnished,3500.0
2450000,4840.0,2,1.0,2,yes,no,no,no,no,0,no,unfurnished,4840.0
2450000,7700.0,2,1.0,1,yes,no,no,no,no,0,no,unfurnished,7700.0
2408000,3635.0,2,1.0,1,no,no,no,no,no,0,no,unfurnished,3635.0
2380000,2475.0,3,1.0,2,yes,no,no,no,no,0,no,furnished,2475.0
2380000,2787.0,4,2.0,2,yes,no,no,no,no,0,no,furnished,2787.0
2380000,3264.0,2,1.0,1,yes,no,no,no,no,0,no,unfurnished,3264.0
2345000,3640.0,2,1.0,1,yes,no,no,no,no,0,no,unfurnished,3640.0
2310000,3180.0,2,1.0,1,yes,no,no,no,no,0,no,unfurnished,3180.0
2275000,1836.0,2,1.0,1,no,no,yes,no,no,0,no,semi-furnished,1836.0
2275000,3970.0,1,1.0,1,no,no,no,no,no,0,no,unfurnished,3970.0
2275000,3970.0,3,1.0,2,yes,no,yes,no,no,0,no,unfurnished,3970.0
2240000,1950.0,3,1.0,1,no,no,no,yes,no,0,no,unfurnished,1950.0
2233000,5300.0,3,1.0,1,no,no,no,no,yes,0,yes,unfurnished,5300.0
2135000,3000.0,2,1.0,1,no,no,no,no,no,0,no,unfurnished,3000.0
2100000,2400.0,3,1.0,2,yes,no,no,no,no,0,no,unfurnished,2400.0
2100000,3000.0,4,1.0,2,yes,no,no,no,no,0,no,unfurnished,3000.0
2100000,3360.0,2,1.0,1,yes,no,no,no,no,1,no,unfurnished,3360.0
1960000,3420.0,5,1.0,2,no,no,no,no,no,0,no,unfurnished,3420.0
1890000,1700.0,3,1.0,2,yes,no,no,no,no,0,no,unfurnished,1700.0
1890000,3649.0,2,1.0,1,yes,no,no,no,no,0,no,unfurnished,3649.0
1855000,2990.0,2,1.0,1,no,no,no,no,no,1,no,unfurnished,2990.0
1820000,3000.0,2,1.0,1,yes,no,yes,no,no,2,no,unfurnished,3000.0
1767150,2400.0,3,1.0,1,no,no,no,no,no,0,no,semi-furnished,2400.0
1750000,3620.0,2,1.0,1,yes,no,no,no,no,0,no,unfurnished,3620.0
1750000,2910.0,3,1.0,1,no,no,no,no,no,0,no,furnished,2910.0
1750000,3850.0,3,1.0,2,yes,no,no,no,no,0,no,unfurnished,3850.0
